id,valor
0,0.5156761
1,0.4611212
2,0.5059704
3,0.51290935
4,0.52188635
5,0.51420027
6,0.49140882
7,0.52117217
8,0.5586041
9,0.48831925
